File Name,Case ID,Sample ID,Sample Type
caef78ab-eb10-4fec-b0bf-a96d3f25e2a9.FPKM.txt,TCGA-DA-A95Z,TCGA-DA-A95Z-06A,Metastatic
0a3f430a-7e5e-4e68-92cc-f767da7e361c.FPKM.txt,TCGA-GN-A8LL,TCGA-GN-A8LL-06A,Metastatic
786537c7-34b1-4d87-bbe4-f28b2df869b2.FPKM.txt,TCGA-D3-A8GM,TCGA-D3-A8GM-06A,Metastatic
790e4e9a-3da2-43d0-9ebb-683306fd56c0.FPKM.txt,TCGA-EE-A2GN,TCGA-EE-A2GN-06A,Metastatic
bb000d9a-ae19-4a71-a178-03e9ad24c6c6.FPKM.txt,TCGA-FR-A729,TCGA-FR-A729-06A,Metastatic
960ada56-24bd-40ab-91ca-113237e390f9.FPKM.txt,TCGA-EE-A29G,TCGA-EE-A29G-06A,Metastatic
e53da5a7-c010-4e73-b2d1-cb02a84459fe.FPKM.txt,TCGA-EE-A2MF,TCGA-EE-A2MF-06A,Metastatic
11797830-6218-43c6-8c41-515583575668.FPKM.txt,TCGA-WE-A8K6,TCGA-WE-A8K6-06A,Metastatic
0bf9109b-bff4-437b-ae1f-6c1aa7edaaea.FPKM.txt,TCGA-EE-A2MT,TCGA-EE-A2MT-06A,Metastatic
5bf035c5-0694-4c79-80ce-bb51517c175b.FPKM.txt,TCGA-FR-A8YC,TCGA-FR-A8YC-06A,Metastatic
e30f32a7-6efb-4f4d-8644-a54dc205ceba.FPKM.txt,TCGA-EE-A2GK,TCGA-EE-A2GK-06A,Metastatic
36388291-2777-4950-a860-947eab1911e2.FPKM.txt,TCGA-ER-A19J,TCGA-ER-A19J-06A,Metastatic
9c77be54-d58e-4dec-8894-acb71a12cac5.FPKM.txt,TCGA-DA-A1IA,TCGA-DA-A1IA-06A,Metastatic
c8e47b23-2a98-4cf1-89aa-af5792157221.FPKM.txt,TCGA-D9-A4Z6,TCGA-D9-A4Z6-06A,Metastatic
95259f41-ad84-40fb-8902-6f9bff618809.FPKM.txt,TCGA-BF-A5ES,TCGA-BF-A5ES-01A,Primary Tumor
1b9e2610-0956-4eaa-8097-4ed47d090db2.FPKM.txt,TCGA-FS-A1ZK,TCGA-FS-A1ZK-06A,Metastatic
cc7bed37-462e-4251-90fa-14ad4c662f7e.FPKM.txt,TCGA-GN-A262,TCGA-GN-A262-06A,Metastatic
f5d259d3-a462-4d0f-919a-c0783801dc5c.FPKM.txt,TCGA-DA-A95W,TCGA-DA-A95W-06A,Metastatic
0170ee02-a63a-455c-b41d-bb72f3e515da.FPKM.txt,TCGA-EE-A2M7,TCGA-EE-A2M7-06A,Metastatic
9428bf95-8b1c-4725-899d-aa05befb3b88.FPKM.txt,TCGA-EE-A2GO,TCGA-EE-A2GO-06A,Metastatic
07847345-aec7-4526-a190-9751146772b4.FPKM.txt,TCGA-FS-A1Z0,TCGA-FS-A1Z0-06A,Metastatic
03e36684-a671-4de2-a933-480cf83b2041.FPKM.txt,TCGA-DA-A1HW,TCGA-DA-A1HW-06A,Metastatic
c7c47a42-41ba-4f1a-862f-70184c016a7a.FPKM.txt,TCGA-GF-A2C7,TCGA-GF-A2C7-01A,Primary Tumor
cd461c3f-2698-4687-989d-f38270939150.FPKM.txt,TCGA-GN-A265,TCGA-GN-A265-06A,Metastatic
23a15223-f74b-4714-b62c-67a54d242652.FPKM.txt,TCGA-FS-A1Z3,TCGA-FS-A1Z3-06A,Metastatic
85656563-7d54-42d2-91a2-f6def4b93a74.FPKM.txt,TCGA-FR-A7UA,TCGA-FR-A7UA-06A,Metastatic
5f238bcd-ac5c-4893-9a33-df8d2fbccefc.FPKM.txt,TCGA-BF-AAP1,TCGA-BF-AAP1-01A,Primary Tumor
e047cefd-a5c4-40cf-a883-ff01103d5c03.FPKM.txt,TCGA-EE-A2A5,TCGA-EE-A2A5-06A,Metastatic
2b485559-2b76-4729-83c8-82b788a9c5f7.FPKM.txt,TCGA-EE-A3J8,TCGA-EE-A3J8-06A,Metastatic
7c2ce96b-9ada-43b5-a522-91e307379f79.FPKM.txt,TCGA-EE-A29E,TCGA-EE-A29E-06A,Metastatic
51b1c6f9-192d-4502-9396-a04d2a497089.FPKM.txt,TCGA-FS-A1ZW,TCGA-FS-A1ZW-06A,Metastatic
e89140b0-af29-4aaa-b8c7-058d9397efce.FPKM.txt,TCGA-EE-A3J7,TCGA-EE-A3J7-06A,Metastatic
0ef4e36a-8e8a-4d7e-8c4c-e194804d326d.FPKM.txt,TCGA-EB-A6R0,TCGA-EB-A6R0-01A,Primary Tumor
1689dc18-4e87-45ae-a3f2-f9e76919a6da.FPKM.txt,TCGA-EB-A41B,TCGA-EB-A41B-01A,Primary Tumor
959f4793-573a-4547-9773-a4fe3f83b3d9.FPKM.txt,TCGA-D3-A51R,TCGA-D3-A51R-06A,Metastatic
3a42ef92-d2c1-47de-88cd-38732f3887b5.FPKM.txt,TCGA-D3-A3CF,TCGA-D3-A3CF-06A,Metastatic
0b0bcba2-9f11-4381-b168-e13f56e90705.FPKM.txt,TCGA-EE-A3JE,TCGA-EE-A3JE-06A,Metastatic
e99fba98-f95e-4fc9-aa7d-5f8164c06f2a.FPKM.txt,TCGA-EB-A3HV,TCGA-EB-A3HV-01A,Primary Tumor
67abf648-044e-4acb-a4ab-700cb82632db.FPKM.txt,TCGA-EE-A17Y,TCGA-EE-A17Y-06A,Metastatic
e7d26f6d-9d69-4056-b96c-b0baa452fa5b.FPKM.txt,TCGA-FS-A1ZJ,TCGA-FS-A1ZJ-06A,Metastatic
ab101bac-2243-445f-bad5-9aa605261f29.FPKM.txt,TCGA-D3-A2JO,TCGA-D3-A2JO-06A,Metastatic
37d075d7-76fe-406a-8ba8-6d10116bebcb.FPKM.txt,TCGA-D3-A8GN,TCGA-D3-A8GN-06A,Metastatic
b3eaff31-b803-47f9-acca-469053767155.FPKM.txt,TCGA-D3-A2JK,TCGA-D3-A2JK-06A,Metastatic
42221037-1a44-416c-8e3e-fc1805b269de.FPKM.txt,TCGA-ER-A2ND,TCGA-ER-A2ND-06A,Metastatic
ced61cfd-4e64-48da-a5c1-bf6d4f68f889.FPKM.txt,TCGA-EE-A17Z,TCGA-EE-A17Z-06A,Metastatic
041e2dc3-7073-4ff8-b764-c1a75850977c.FPKM.txt,TCGA-FS-A4F2,TCGA-FS-A4F2-06A,Metastatic
0934e651-4cea-4450-b95e-25ee99e276f4.FPKM.txt,TCGA-EB-A5SF,TCGA-EB-A5SF-01A,Primary Tumor
d91854e8-4693-42c9-8f83-3152d42b2213.FPKM.txt,TCGA-YG-AA3O,TCGA-YG-AA3O-06A,Metastatic
1ad750c4-add7-42e7-936b-30d3d2cb1738.FPKM.txt,TCGA-BF-A1PZ,TCGA-BF-A1PZ-01A,Primary Tumor
e27b2a88-a903-45cc-a306-f0b44ecfd336.FPKM.txt,TCGA-D3-A1Q3,TCGA-D3-A1Q3-06A,Metastatic
893a2cda-edeb-464b-9afa-7b147bcc75e8.FPKM.txt,TCGA-D3-A8GK,TCGA-D3-A8GK-06A,Metastatic
14eddbc5-a74d-4169-90dc-d47087cb14fd.FPKM.txt,TCGA-DA-A1IC,TCGA-DA-A1IC-06A,Metastatic
73ca07ee-562f-4aef-ab6e-52d7e63b1889.FPKM.txt,TCGA-BF-A3DL,TCGA-BF-A3DL-01A,Primary Tumor
d3cd3b2b-f200-411a-9aec-0aab57b9f67f.FPKM.txt,TCGA-EB-A553,TCGA-EB-A553-01A,Primary Tumor
96e0b14e-615c-48f4-a653-c616c2aa5a48.FPKM.txt,TCGA-D3-A2JL,TCGA-D3-A2JL-06A,Metastatic
f6027fd4-41ae-4b63-9ae4-e24d5dee62c5.FPKM.txt,TCGA-EE-A3JI,TCGA-EE-A3JI-06A,Metastatic
1c012ced-01fa-4699-8bbb-4e313f760af8.FPKM.txt,TCGA-EE-A29T,TCGA-EE-A29T-06A,Metastatic
cbd71b3b-9dc7-4276-bd9c-e24a039aa77c.FPKM.txt,TCGA-GF-A4EO,TCGA-GF-A4EO-06A,Metastatic
65312630-1884-4160-b812-d932fc0a7c78.FPKM.txt,TCGA-EE-A2MK,TCGA-EE-A2MK-06A,Metastatic
c7343494-e044-41b4-ba86-19a6526f5ec5.FPKM.txt,TCGA-WE-A8ZX,TCGA-WE-A8ZX-06A,Metastatic
7457bcad-9dbc-43ec-bcdf-e076e955bb7d.FPKM.txt,TCGA-D3-A5GR,TCGA-D3-A5GR-06A,Metastatic
a58be04b-e595-4124-81ad-accc532db49d.FPKM.txt,TCGA-BF-AAOX,TCGA-BF-AAOX-01A,Primary Tumor
08b7568c-c002-43ff-8f86-4be189aada9e.FPKM.txt,TCGA-FS-A4FD,TCGA-FS-A4FD-06A,Metastatic
aae6a581-f31f-41d8-a635-444486314ddb.FPKM.txt,TCGA-WE-A8ZQ,TCGA-WE-A8ZQ-06A,Metastatic
35d4706b-4263-4717-86f1-b11caac5d152.FPKM.txt,TCGA-EE-A29V,TCGA-EE-A29V-06A,Metastatic
22e53530-5ff4-43cc-8dd7-b775ff189c03.FPKM.txt,TCGA-D3-A2JE,TCGA-D3-A2JE-06A,Metastatic
cfb52011-5d71-4587-b828-e0e2b115325d.FPKM.txt,TCGA-D3-A1Q9,TCGA-D3-A1Q9-06A,Metastatic
90994cf0-763d-43a4-980d-6c8c5ff24dac.FPKM.txt,TCGA-W3-AA1Q,TCGA-W3-AA1Q-06A,Metastatic
48d8f465-e9dc-4550-9371-a1207302be8d.FPKM.txt,TCGA-DA-A95X,TCGA-DA-A95X-06A,Metastatic
f28f032b-f6c1-4292-836f-f92ef89a96f2.FPKM.txt,TCGA-WE-A8K1,TCGA-WE-A8K1-06A,Metastatic
633bd886-75b6-4d46-8e6d-c86250ed1dc4.FPKM.txt,TCGA-FW-A5DX,TCGA-FW-A5DX-01A,Primary Tumor
444e9b82-d8c5-41b8-a51b-45d9717fbce0.FPKM.txt,TCGA-ER-A19G,TCGA-ER-A19G-06A,Metastatic
0e1003ba-778c-4d81-a0dc-246dad82fd22.FPKM.txt,TCGA-DA-A1I4,TCGA-DA-A1I4-06A,Metastatic
1d0ed301-414c-4945-a65b-5bfba4360d65.FPKM.txt,TCGA-EE-A2GB,TCGA-EE-A2GB-06A,Metastatic
cfe24c0a-1d21-49bb-8279-838a4f059e8a.FPKM.txt,TCGA-XV-AAZY,TCGA-XV-AAZY-01A,Primary Tumor
61f6cb8d-5b6e-4385-bd7e-3a75e3c94ff5.FPKM.txt,TCGA-QB-AA9O,TCGA-QB-AA9O-06A,Metastatic
cf69963d-bc7b-4f0b-b03d-78651fa8a458.FPKM.txt,TCGA-EE-A2GS,TCGA-EE-A2GS-06A,Metastatic
6aec85fb-0942-4a9b-bbe9-65dd5236895c.FPKM.txt,TCGA-D3-A3MR,TCGA-D3-A3MR-06A,Metastatic
8dadb8c5-a10b-4e48-8f2b-54471344d32b.FPKM.txt,TCGA-D3-A5GL,TCGA-D3-A5GL-06A,Metastatic
f771e020-5c04-45fe-a4dd-44457c5faffe.FPKM.txt,TCGA-ER-A195,TCGA-ER-A195-06A,Metastatic
60775137-31fe-425b-aaac-ac5028400729.FPKM.txt,TCGA-D3-A3MO,TCGA-D3-A3MO-06A,Metastatic
22877164-7508-486b-a82b-13a81111284e.FPKM.txt,TCGA-ER-A42K,TCGA-ER-A42K-06A,Metastatic
9576cf20-e04a-4c06-8988-8d38c2c017aa.FPKM.txt,TCGA-ER-A19N,TCGA-ER-A19N-06A,Metastatic
c0cd55bb-9bec-4e83-a453-cc73637673eb.FPKM.txt,TCGA-EE-A29S,TCGA-EE-A29S-06A,Metastatic
f7fb7de2-e995-4e5b-9362-b4e20ed44070.FPKM.txt,TCGA-EB-A5SH,TCGA-EB-A5SH-06A,Metastatic
ef95a1e2-1d47-4d9b-8de3-b74a5cc6b6ec.FPKM.txt,TCGA-EE-A2GM,TCGA-EE-A2GM-06B,Metastatic
664c6432-ca75-401f-bbb0-4b26656acf87.FPKM.txt,TCGA-D3-A3C7,TCGA-D3-A3C7-06A,Metastatic
dfdc1010-e1aa-407e-aa1c-bb51b86f3ebd.FPKM.txt,TCGA-EE-A2MU,TCGA-EE-A2MU-06A,Metastatic
b15a2a09-2fa9-4696-a65a-9341f490fdb5.FPKM.txt,TCGA-ER-A199,TCGA-ER-A199-06A,Metastatic
c39f5ea8-07e5-4959-b3db-0c82f87b79d8.FPKM.txt,TCGA-FW-A5DY,TCGA-FW-A5DY-06A,Metastatic
a7da5222-c4dd-44a8-9b4b-abba71dd1c07.FPKM.txt,TCGA-D3-A8GO,TCGA-D3-A8GO-06A,Metastatic
6aa835d6-4b64-42a4-9e14-cc66193c05b6.FPKM.txt,TCGA-D3-A3MU,TCGA-D3-A3MU-06A,Metastatic
153ea106-9a16-42c3-8cb6-0e184d1c4393.FPKM.txt,TCGA-D9-A3Z1,TCGA-D9-A3Z1-06A,Metastatic
bb1deae0-b7c8-4741-8be4-fa28994730a4.FPKM.txt,TCGA-DA-A1HV,TCGA-DA-A1HV-06A,Metastatic
46b65e6b-ed6b-449c-b89e-c0b4f5afe7b6.FPKM.txt,TCGA-D3-A8GP,TCGA-D3-A8GP-06A,Metastatic
aada5dcf-323a-41ac-8d96-523b14f66d11.FPKM.txt,TCGA-DA-A1I0,TCGA-DA-A1I0-06A,Metastatic
ac3c8bbc-d5c0-4ad6-8f08-ab79e9b1a94e.FPKM.txt,TCGA-D3-A1Q7,TCGA-D3-A1Q7-06A,Metastatic
b32b38be-4f53-4aeb-a190-bfe2a048b9bb.FPKM.txt,TCGA-D9-A3Z4,TCGA-D9-A3Z4-01A,Primary Tumor
6810c98f-2eb6-4956-92c4-5e796c17331b.FPKM.txt,TCGA-EE-A184,TCGA-EE-A184-06A,Metastatic
94e2fc89-29f8-4a60-8d42-d43e01530839.FPKM.txt,TCGA-D9-A6EA,TCGA-D9-A6EA-06A,Metastatic
fc6f1676-b097-40f8-9c0c-fc8142cf5be3.FPKM.txt,TCGA-EB-A4P0,TCGA-EB-A4P0-01A,Primary Tumor
3618bb58-9aa4-4dfe-93d1-8f2e7a466d1c.FPKM.txt,TCGA-FW-A3R5,TCGA-FW-A3R5-06A,Metastatic
b885ce94-9a32-49ce-ad45-79d87f28bd77.FPKM.txt,TCGA-EB-A5UM,TCGA-EB-A5UM-01A,Primary Tumor
9a72c0d4-4359-4d9b-bea5-859ddc812b05.FPKM.txt,TCGA-EE-A29Q,TCGA-EE-A29Q-06A,Metastatic
dffdfddf-6269-4ffc-a17a-35f301a5b06d.FPKM.txt,TCGA-ER-A19T,TCGA-ER-A19T-01A,Primary Tumor
d860679e-7bee-4c69-a9f1-cbf70e643d8f.FPKM.txt,TCGA-WE-A8ZN,TCGA-WE-A8ZN-06A,Metastatic
338b949b-f16c-4569-84c2-e2c2d60f2a82.FPKM.txt,TCGA-DA-A95Y,TCGA-DA-A95Y-06A,Metastatic
15c1d1b9-a970-451b-aef6-56bdab123674.FPKM.txt,TCGA-EE-A29L,TCGA-EE-A29L-06A,Metastatic
f31c68cc-7ef2-4f72-9102-12dd0b73c1e9.FPKM.txt,TCGA-EB-A1NK,TCGA-EB-A1NK-01A,Primary Tumor
36a3aefd-df64-41ea-a4cc-00b2dcd017c9.FPKM.txt,TCGA-EB-A85J,TCGA-EB-A85J-01A,Primary Tumor
ab2983e3-716c-4374-81a2-2837cf76930e.FPKM.txt,TCGA-D3-A2JP,TCGA-D3-A2JP-06A,Metastatic
ed3f653d-bb2d-4e09-b627-e5d2f861ecb1.FPKM.txt,TCGA-D3-A2JG,TCGA-D3-A2JG-06A,Metastatic
486a3295-4aea-4023-b9e7-5ef683cd9808.FPKM.txt,TCGA-EE-A29W,TCGA-EE-A29W-06A,Metastatic
f8e4b067-7347-4600-a355-50f5e22ca1ee.FPKM.txt,TCGA-XV-AB01,TCGA-XV-AB01-06A,Metastatic
944c33bc-e503-480f-a264-8d77da56921b.FPKM.txt,TCGA-EE-A3AH,TCGA-EE-A3AH-06A,Metastatic
c8bd98d2-41c0-45b4-825e-5be2caf7ebd9.FPKM.txt,TCGA-EB-A299,TCGA-EB-A299-01A,Primary Tumor
aaffafa9-2aa2-45da-b8ca-78c0f2b52303.FPKM.txt,TCGA-ER-A19E,TCGA-ER-A19E-06A,Metastatic
2ccf459a-66ff-4824-864f-1540cfa09789.FPKM.txt,TCGA-WE-AAA3,TCGA-WE-AAA3-06A,Metastatic
ca83752c-6f18-495e-9662-8b5e2aff9e24.FPKM.txt,TCGA-EE-A20B,TCGA-EE-A20B-06A,Metastatic
7cd8b6ea-4bff-4862-8fa3-8d40d258c304.FPKM.txt,TCGA-D3-A51E,TCGA-D3-A51E-06A,Metastatic
2c96ff80-4ea4-4de9-ae5d-ec3db1a9bffb.FPKM.txt,TCGA-D3-A3BZ,TCGA-D3-A3BZ-06A,Metastatic
c64a3563-9b47-4d9e-afc3-1aa1bb1affbd.FPKM.txt,TCGA-DA-A3F5,TCGA-DA-A3F5-06A,Metastatic
f9d38f12-9cc0-4efb-bfde-371e8fffe9aa.FPKM.txt,TCGA-FS-A1YX,TCGA-FS-A1YX-06A,Metastatic
b2e24e75-0895-4fab-8367-af1dc71e4a5e.FPKM.txt,TCGA-FS-A1ZM,TCGA-FS-A1ZM-06A,Metastatic
36b0ea41-e163-4c12-bdb3-306f481142a9.FPKM.txt,TCGA-GN-A4U9,TCGA-GN-A4U9-06A,Metastatic
0e492418-b024-4562-bf64-d630b134ed3d.FPKM.txt,TCGA-Z2-AA3S,TCGA-Z2-AA3S-06A,Metastatic
7d4fcdee-2fe3-48dd-b2bb-3404ec0a6b05.FPKM.txt,TCGA-WE-AAA4,TCGA-WE-AAA4-06A,Metastatic
86b6f374-3d4c-4da2-a89b-489a944bdeab.FPKM.txt,TCGA-D3-A1Q1,TCGA-D3-A1Q1-06A,Metastatic
e5965de5-cbab-41ff-b2e0-96e698f3d1ab.FPKM.txt,TCGA-FS-A4F9,TCGA-FS-A4F9-06A,Metastatic
f16f3a7f-172b-4846-afe2-121629eec959.FPKM.txt,TCGA-WE-A8ZR,TCGA-WE-A8ZR-06A,Metastatic
e4afa00c-b84d-41e2-a874-f630bfeb7046.FPKM.txt,TCGA-FS-A1YY,TCGA-FS-A1YY-06A,Metastatic
c8a89796-a48d-428c-b4ce-19aa008cc2de.FPKM.txt,TCGA-EE-A2MS,TCGA-EE-A2MS-06A,Metastatic
22ad5f1f-bb86-47ad-abc7-31223e130984.FPKM.txt,TCGA-FS-A4FC,TCGA-FS-A4FC-06A,Metastatic
a302b358-11e7-4a27-8670-14f87d8faa0c.FPKM.txt,TCGA-ER-A193,TCGA-ER-A193-06A,Metastatic
bf92fe23-899b-4dd6-96bb-182c53d7f18d.FPKM.txt,TCGA-EB-A3Y6,TCGA-EB-A3Y6-01A,Primary Tumor
a38a5341-2285-4fd6-af68-4ae3a7d5448e.FPKM.txt,TCGA-D3-A51T,TCGA-D3-A51T-06A,Metastatic
84295d28-fed4-4aeb-984b-b4396636906b.FPKM.txt,TCGA-D3-A1Q6,TCGA-D3-A1Q6-06A,Metastatic
92cc5466-7ae6-458a-80bf-2be5d81f8d37.FPKM.txt,TCGA-EB-A6QY,TCGA-EB-A6QY-01A,Primary Tumor
cc09b47f-b604-4ac5-9f7e-6c7ec82d38bf.FPKM.txt,TCGA-YD-A89C,TCGA-YD-A89C-06A,Metastatic
e6f3d0ef-3518-4170-92f7-2beb862ad6cb.FPKM.txt,TCGA-D3-A2J6,TCGA-D3-A2J6-06A,Metastatic
8d875551-4732-40f3-8df3-57f04afae472.FPKM.txt,TCGA-FS-A1ZN,TCGA-FS-A1ZN-01A,Primary Tumor
c62cc001-e373-466e-9305-32420ac84858.FPKM.txt,TCGA-EE-A182,TCGA-EE-A182-06A,Metastatic
ee64482e-d1fb-40b7-9169-d39b5449dccb.FPKM.txt,TCGA-D9-A148,TCGA-D9-A148-06A,Metastatic
7af6fe49-0346-42ff-bb0c-c671cdf9d09a.FPKM.txt,TCGA-FR-A3R1,TCGA-FR-A3R1-01A,Primary Tumor
c24a8fb2-8db1-4c1f-a230-682de53ff964.FPKM.txt,TCGA-RP-A6K9,TCGA-RP-A6K9-06A,Metastatic
67f03128-5448-49b9-91d9-8a8e68b10cc5.FPKM.txt,TCGA-GF-A3OT,TCGA-GF-A3OT-06A,Metastatic
6552858f-d9d9-4f08-ad41-79c0c8397990.FPKM.txt,TCGA-WE-A8ZT,TCGA-WE-A8ZT-06A,Metastatic
9737b044-f037-4acc-b8cf-78d6d897917c.FPKM.txt,TCGA-EE-A29P,TCGA-EE-A29P-06A,Metastatic
49ce087b-90ea-498c-bb66-e3687f26d5f6.FPKM.txt,TCGA-D9-A6E9,TCGA-D9-A6E9-06A,Metastatic
a9821e9b-7f51-4883-9254-b0b43950b182.FPKM.txt,TCGA-FS-A1ZF,TCGA-FS-A1ZF-06A,Metastatic
8ab2317c-97ce-480d-9ab0-c51047031cde.FPKM.txt,TCGA-FR-A728,TCGA-FR-A728-01A,Primary Tumor
1cce6993-e930-4df9-8323-eca338fda4f1.FPKM.txt,TCGA-EE-A2A6,TCGA-EE-A2A6-06A,Metastatic
3301e3cd-1bad-4d45-ac6c-5f9f96b96926.FPKM.txt,TCGA-D3-A8GD,TCGA-D3-A8GD-06A,Metastatic
7ef16280-e921-4585-bca7-8429e6089a34.FPKM.txt,TCGA-DA-A1I7,TCGA-DA-A1I7-06A,Metastatic
05aa09ea-2d66-44a0-9039-3e2419d11ffe.FPKM.txt,TCGA-D3-A8GE,TCGA-D3-A8GE-06A,Metastatic
28aa9ed9-f094-4165-b61d-1a0936419d65.FPKM.txt,TCGA-Z2-A8RT,TCGA-Z2-A8RT-06A,Metastatic
76dd0bea-a924-4db0-be34-5cf7607ef1e5.FPKM.txt,TCGA-FR-A7U9,TCGA-FR-A7U9-06A,Metastatic
b0a44ece-6cfe-4d2e-8048-c899516b882e.FPKM.txt,TCGA-W3-AA1R,TCGA-W3-AA1R-06A,Metastatic
1cf4d5bc-a977-4057-b25d-f91384e3b409.FPKM.txt,TCGA-EB-A3XC,TCGA-EB-A3XC-01A,Primary Tumor
167043fc-bc6c-454f-ad5f-073cc12385e7.FPKM.txt,TCGA-D3-A1QA,TCGA-D3-A1QA-06A,Metastatic
91c13a13-2b7b-43b5-ba99-ef28e22b0c80.FPKM.txt,TCGA-BF-A5EQ,TCGA-BF-A5EQ-01A,Primary Tumor
4daeb7ad-987d-4759-9959-bf9d2410dff5.FPKM.txt,TCGA-Z2-AA3V,TCGA-Z2-AA3V-06A,Metastatic
81d5aaf1-ac19-4c1e-90b9-085a5ca83a1a.FPKM.txt,TCGA-EE-A2GU,TCGA-EE-A2GU-06A,Metastatic
5ada9151-0b86-471f-abe1-ead94f61ce05.FPKM.txt,TCGA-ER-A19S,TCGA-ER-A19S-06A,Metastatic
76bf832d-567d-4d00-a080-7b380be96a89.FPKM.txt,TCGA-GF-A6C8,TCGA-GF-A6C8-06A,Metastatic
c28bd27b-0878-446c-8b1e-3049a120b2c2.FPKM.txt,TCGA-GN-A26A,TCGA-GN-A26A-06A,Metastatic
0266d0b5-b87f-4356-93b8-c1e291292cc8.FPKM.txt,TCGA-GN-A267,TCGA-GN-A267-06A,Metastatic
e357daa4-9f0e-46b8-bc52-d3075ffbd577.FPKM.txt,TCGA-BF-A1Q0,TCGA-BF-A1Q0-01A,Primary Tumor
85df63ca-61a0-4562-9799-ec2868d89e1b.FPKM.txt,TCGA-EE-A2GL,TCGA-EE-A2GL-06A,Metastatic
7b98f1f0-ec44-4414-8e1c-0d29a386e45c.FPKM.txt,TCGA-GN-A4U8,TCGA-GN-A4U8-11A,Solid Tissue Normal
c1c89b58-fd23-44a3-9d87-2d2911c9c384.FPKM.txt,TCGA-D3-A2JF,TCGA-D3-A2JF-06A,Metastatic
26d07fc5-438a-4cec-90bb-23fe92ba9268.FPKM.txt,TCGA-D3-A3C1,TCGA-D3-A3C1-06A,Metastatic
793a4160-f480-4ca2-9afd-42ffec3dc717.FPKM.txt,TCGA-ER-A19H,TCGA-ER-A19H-06A,Metastatic
04cd454e-776c-44be-aa99-06bcc5e3a1e0.FPKM.txt,TCGA-ER-A2NG,TCGA-ER-A2NG-06A,Metastatic
87fb2f83-5e75-4891-ac3d-09fb20e32b09.FPKM.txt,TCGA-EB-A24C,TCGA-EB-A24C-01A,Primary Tumor
6defa4b8-a8ed-4895-a4f5-7b55b9f067b4.FPKM.txt,TCGA-EE-A20I,TCGA-EE-A20I-06A,Metastatic
5c32b901-baff-4c78-89ea-b1a7ba3e5625.FPKM.txt,TCGA-GF-A6C9,TCGA-GF-A6C9-06A,Metastatic
fff8635a-798d-400c-83a5-2dd6b6ba5dba.FPKM.txt,TCGA-ER-A19K,TCGA-ER-A19K-01A,Primary Tumor
5347b69e-eb89-4c1f-829f-3787b6d7db62.FPKM.txt,TCGA-DA-A3F8,TCGA-DA-A3F8-06A,Metastatic
129fdd71-a34b-4fd2-874d-53c107e2d79b.FPKM.txt,TCGA-EB-A44Q,TCGA-EB-A44Q-06A,Metastatic
a7ee7e2c-0788-4505-82d0-3db8bb56ea6b.FPKM.txt,TCGA-D3-A5GU,TCGA-D3-A5GU-06A,Metastatic
25ae7e1d-5f00-4eeb-a188-747743ab2e2c.FPKM.txt,TCGA-EB-A57M,TCGA-EB-A57M-01A,Primary Tumor
1c813362-798c-4749-b620-e7d6dbcd8892.FPKM.txt,TCGA-ER-A2NE,TCGA-ER-A2NE-06A,Metastatic
b6442fea-2df6-4238-b70a-7339a17335be.FPKM.txt,TCGA-EE-A29D,TCGA-EE-A29D-06A,Metastatic
74ed0124-f00a-4066-88f4-786196e32ed0.FPKM.txt,TCGA-D3-A3C3,TCGA-D3-A3C3-06A,Metastatic
551042d1-2551-46bb-a56c-3cc79ed09469.FPKM.txt,TCGA-EE-A2MR,TCGA-EE-A2MR-06A,Metastatic
13904932-2d47-410b-915e-5e132524d783.FPKM.txt,TCGA-ER-A19O,TCGA-ER-A19O-06A,Metastatic
ab97269c-71bf-4f73-b758-d89333899cff.FPKM.txt,TCGA-D3-A5GS,TCGA-D3-A5GS-06A,Metastatic
5931cfde-d4dd-4538-a543-ad99ea6fd85f.FPKM.txt,TCGA-GN-A268,TCGA-GN-A268-06A,Metastatic
50a14323-4601-413d-b65d-b462c8864845.FPKM.txt,TCGA-YG-AA3N,TCGA-YG-AA3N-01A,Primary Tumor
dbb00aca-d1bb-4c5b-96bb-ea8cf4d1470b.FPKM.txt,TCGA-BF-A3DN,TCGA-BF-A3DN-01A,Primary Tumor
c15643a8-ed70-40ff-8379-b58cea01ad49.FPKM.txt,TCGA-WE-AA9Y,TCGA-WE-AA9Y-06A,Metastatic
2f47d0df-ecc1-4263-9b09-b52903b90227.FPKM.txt,TCGA-GN-A8LN,TCGA-GN-A8LN-01A,Primary Tumor
2bf150c7-7539-4fc8-a8cb-7ba6083b37ff.FPKM.txt,TCGA-BF-A1PX,TCGA-BF-A1PX-01A,Primary Tumor
e6baf5f6-0753-4f10-ae2d-1ed2c8eaf133.FPKM.txt,TCGA-D3-A2JC,TCGA-D3-A2JC-06A,Metastatic
58449465-e5e0-4721-aa6f-6c9b4d861127.FPKM.txt,TCGA-FS-A1ZD,TCGA-FS-A1ZD-06A,Metastatic
62a61e24-1e1f-4af5-8f29-c0bee5158ae0.FPKM.txt,TCGA-EE-A2MH,TCGA-EE-A2MH-06A,Metastatic
597e0bf5-b228-432f-b469-9498bb812f98.FPKM.txt,TCGA-WE-A8ZM,TCGA-WE-A8ZM-06A,Metastatic
90d6192c-bc74-466e-968d-fc8d91d29f23.FPKM.txt,TCGA-D9-A1JX,TCGA-D9-A1JX-06A,Metastatic
d7aa7724-8435-4b08-b4b2-ea0eb86ea184.FPKM.txt,TCGA-FS-A4FB,TCGA-FS-A4FB-06A,Metastatic
9d6e0aaf-5b49-4e0f-9fbc-1e9b932ce1c0.FPKM.txt,TCGA-EB-A3XE,TCGA-EB-A3XE-01A,Primary Tumor
a42ebe27-04a2-4817-804b-b3be8eef1f30.FPKM.txt,TCGA-WE-A8JZ,TCGA-WE-A8JZ-06A,Metastatic
4667aded-fa48-493e-8cec-308648b0bb9b.FPKM.txt,TCGA-EE-A29C,TCGA-EE-A29C-06A,Metastatic
7c371221-a9c2-442c-80ca-5dc4b52ce5fb.FPKM.txt,TCGA-FR-A3YN,TCGA-FR-A3YN-06A,Metastatic
f959f0c8-c6be-4601-817a-ee24a17b4432.FPKM.txt,TCGA-EB-A431,TCGA-EB-A431-01A,Primary Tumor
7a241ae9-e218-4479-8096-d855cf3e8565.FPKM.txt,TCGA-ER-A3PL,TCGA-ER-A3PL-06A,Metastatic
3ffb82ad-4a30-4ccd-888c-105144f97b8a.FPKM.txt,TCGA-D3-A2J7,TCGA-D3-A2J7-06A,Metastatic
3881c1d8-366f-49de-a5a5-5b0fef4d5fcc.FPKM.txt,TCGA-BF-AAP0,TCGA-BF-AAP0-06A,Metastatic
fa8b5c6a-0ad9-44b1-baba-440fdccbb828.FPKM.txt,TCGA-D3-A2JB,TCGA-D3-A2JB-06A,Metastatic
f3f24252-17e5-48f0-b917-88aef604d367.FPKM.txt,TCGA-EB-A97M,TCGA-EB-A97M-01A,Primary Tumor
4b3d28dc-1f2f-4fae-bfc7-3cca1e439a9f.FPKM.txt,TCGA-GN-A9SD,TCGA-GN-A9SD-06A,Metastatic
e4f35921-2d29-421a-91e4-5e06c7f851ec.FPKM.txt,TCGA-EE-A2A2,TCGA-EE-A2A2-06A,Metastatic
878c40ea-aa15-425d-a88f-7c5dae419a49.FPKM.txt,TCGA-EE-A2GC,TCGA-EE-A2GC-06A,Metastatic
875a4b3a-9c4f-44fe-b34c-56c9faa7e28d.FPKM.txt,TCGA-D3-A5GN,TCGA-D3-A5GN-06A,Metastatic
bc862e6a-be57-44a6-8429-9f8948b0a91d.FPKM.txt,TCGA-BF-AAP4,TCGA-BF-AAP4-01A,Primary Tumor
bb38d854-bc27-4143-a7b0-e25181492dfa.FPKM.txt,TCGA-D3-A8GI,TCGA-D3-A8GI-06A,Metastatic
1ca44e12-b515-4d1a-8835-26df82e58104.FPKM.txt,TCGA-D9-A6EC,TCGA-D9-A6EC-06A,Metastatic
1ab1c603-74a7-42b6-afd4-96b008e3f187.FPKM.txt,TCGA-EB-A44O,TCGA-EB-A44O-01A,Primary Tumor
2c37d6e9-5966-46c1-a652-a4860f0412a0.FPKM.txt,TCGA-D3-A1QA,TCGA-D3-A1QA-07A,Additional Metastatic
50dac4be-80dd-4658-a1fa-eac44c1a858c.FPKM.txt,TCGA-FS-A4F5,TCGA-FS-A4F5-06A,Metastatic
47efad89-24a3-4864-8a60-9315167f304f.FPKM.txt,TCGA-EE-A2ML,TCGA-EE-A2ML-06A,Metastatic
2f7593bf-25b3-41db-a04c-2f0e38332762.FPKM.txt,TCGA-EE-A20H,TCGA-EE-A20H-06A,Metastatic
e7fbce32-faef-4faf-b479-94c16801c7a3.FPKM.txt,TCGA-D9-A6EG,TCGA-D9-A6EG-06A,Metastatic
eda5d4d8-81cf-464e-92c9-8e91026ec326.FPKM.txt,TCGA-3N-A9WC,TCGA-3N-A9WC-06A,Metastatic
00e2c524-8a29-46d7-bf88-ed5f9c3dcf32.FPKM.txt,TCGA-FS-A1YW,TCGA-FS-A1YW-06A,Metastatic
8496c9b5-7bb4-4a3d-97bd-91c0d98417aa.FPKM.txt,TCGA-XV-AAZV,TCGA-XV-AAZV-01A,Primary Tumor
95477845-1365-46a6-8c95-8f1ef05ddd0d.FPKM.txt,TCGA-EE-A29N,TCGA-EE-A29N-06A,Metastatic
0d9f2953-424e-4008-bd7d-719a7e7ef4a1.FPKM.txt,TCGA-GN-A264,TCGA-GN-A264-06A,Metastatic
ae97fce3-191b-45b9-8b00-d33790473b5a.FPKM.txt,TCGA-FR-A8YE,TCGA-FR-A8YE-06A,Metastatic
30d385a8-c4dd-463e-8ef0-091a3a6bbf68.FPKM.txt,TCGA-FW-A3TV,TCGA-FW-A3TV-06A,Metastatic
9eef512c-1b7e-4ae5-b0d8-d9d6884dd706.FPKM.txt,TCGA-ER-A196,TCGA-ER-A196-01A,Primary Tumor
d7ac1c65-c9bd-4641-8e54-75280c2b5050.FPKM.txt,TCGA-D3-A8GC,TCGA-D3-A8GC-06A,Metastatic
ac37405d-dfae-4733-bbe6-157d7657023c.FPKM.txt,TCGA-EE-A3JD,TCGA-EE-A3JD-06A,Metastatic
9c17af03-69e5-4bbb-9b09-78969279fcb8.FPKM.txt,TCGA-EB-A4IS,TCGA-EB-A4IS-01A,Primary Tumor
3d2546c7-6828-4030-9737-eb5e6bc7b7ff.FPKM.txt,TCGA-YD-A9TB,TCGA-YD-A9TB-06A,Metastatic
12ed3585-6316-4cb5-8c83-5c99233b82a4.FPKM.txt,TCGA-D3-A3MV,TCGA-D3-A3MV-06A,Metastatic
ccad0ea3-7eb2-4ad2-b4c6-5b66f8cbb59a.FPKM.txt,TCGA-FS-A1ZU,TCGA-FS-A1ZU-06A,Metastatic
f311b81e-f58e-4dac-be2d-5a39c19399ac.FPKM.txt,TCGA-QB-A6FS,TCGA-QB-A6FS-06A,Metastatic
d79aad6b-f80d-4e0c-98f8-f367a4357e0c.FPKM.txt,TCGA-EB-A24D,TCGA-EB-A24D-01A,Primary Tumor
d1463bd7-8432-4e7d-b92b-eb8fc1f72be1.FPKM.txt,TCGA-EE-A2MI,TCGA-EE-A2MI-06A,Metastatic
8a8f85e4-e81a-4ef2-9a7e-ff2ca8ad71a9.FPKM.txt,TCGA-HR-A2OG,TCGA-HR-A2OG-06A,Metastatic
ae9aa4d6-f66e-496b-b20e-dc987df974ee.FPKM.txt,TCGA-EB-A42Y,TCGA-EB-A42Y-01A,Primary Tumor
10651a27-351f-4909-b265-24e9f39814ae.FPKM.txt,TCGA-FR-A3YO,TCGA-FR-A3YO-06A,Metastatic
ac6098f3-b03b-4fd2-a214-cab070b2ccbd.FPKM.txt,TCGA-D3-A51K,TCGA-D3-A51K-06A,Metastatic
bf730223-b18f-46ef-b9b9-c94ee729aedb.FPKM.txt,TCGA-D3-A8GQ,TCGA-D3-A8GQ-06A,Metastatic
6bc67d0e-2e5f-4a37-9c43-d11c7fea7452.FPKM.txt,TCGA-ER-A19B,TCGA-ER-A19B-06A,Metastatic
34f55550-1a7b-4ef1-8115-a3636c13db6d.FPKM.txt,TCGA-D3-A2JN,TCGA-D3-A2JN-06A,Metastatic
d924d2d8-60ba-4601-b2d3-7faddfc2ce05.FPKM.txt,TCGA-EE-A2M5,TCGA-EE-A2M5-06A,Metastatic
8a4d662e-e7ec-4c31-bad3-607efaf3ea00.FPKM.txt,TCGA-EE-A2MM,TCGA-EE-A2MM-06A,Metastatic
140c9bd5-8368-47ea-b310-d98d6f84566d.FPKM.txt,TCGA-DA-A1I5,TCGA-DA-A1I5-06A,Metastatic
bc9887f1-081f-4291-bd05-dca184787b9c.FPKM.txt,TCGA-EE-A29M,TCGA-EE-A29M-06A,Metastatic
35cc1067-36ac-4991-b6f6-14ac4c4c4c87.FPKM.txt,TCGA-BF-AAP2,TCGA-BF-AAP2-01A,Primary Tumor
f8f9da4d-0d27-4f93-894d-a93b9968ac0e.FPKM.txt,TCGA-GN-A4U4,TCGA-GN-A4U4-06A,Metastatic
f238acf0-63e6-467d-ad24-c51b4207b58a.FPKM.txt,TCGA-BF-AAP8,TCGA-BF-AAP8-01A,Primary Tumor
61c6e540-f3f0-45e4-ac26-276677b7da74.FPKM.txt,TCGA-FS-A1ZH,TCGA-FS-A1ZH-06A,Metastatic
1c9740fc-2a6a-4905-bdc0-f6d2b7be6329.FPKM.txt,TCGA-D9-A4Z2,TCGA-D9-A4Z2-01A,Primary Tumor
fc54f07a-f3a6-4765-9fa0-f8b14d421adc.FPKM.txt,TCGA-YG-AA3P,TCGA-YG-AA3P-06A,Metastatic
488667c2-ceb1-4be2-9d9b-ae9f50caf1d3.FPKM.txt,TCGA-DA-A1I8,TCGA-DA-A1I8-06A,Metastatic
b918506c-5bcc-4bf7-a97a-c049dd53551b.FPKM.txt,TCGA-ER-A2NH,TCGA-ER-A2NH-06A,Metastatic
7ea980bb-9a4f-4adf-bebd-9c7c56cc5651.FPKM.txt,TCGA-XV-A9VZ,TCGA-XV-A9VZ-01A,Primary Tumor
677291bf-6149-4c97-b958-dd2b0219bfe5.FPKM.txt,TCGA-ER-A19L,TCGA-ER-A19L-06A,Metastatic
c8110d62-3184-468a-a1e0-f5bb7fc24e07.FPKM.txt,TCGA-EB-A4OY,TCGA-EB-A4OY-01A,Primary Tumor
8ca7bfb1-304a-4b4f-8911-ce77f808e7dc.FPKM.txt,TCGA-D9-A4Z3,TCGA-D9-A4Z3-01A,Primary Tumor
bcc52bb7-9c00-42cc-a31a-fb86b00ef089.FPKM.txt,TCGA-D3-A51J,TCGA-D3-A51J-06A,Metastatic
03d7e445-0cb1-43a8-8e50-72a876633bc1.FPKM.txt,TCGA-GN-A263,TCGA-GN-A263-01A,Primary Tumor
fcce9f90-0ade-4329-8c38-135139f94293.FPKM.txt,TCGA-D3-A5GT,TCGA-D3-A5GT-01A,Primary Tumor
7b75a0ed-5110-47c9-ac66-e46112932400.FPKM.txt,TCGA-D3-A3C8,TCGA-D3-A3C8-06A,Metastatic
a11c6832-ea15-4d13-b5aa-d844b60edad2.FPKM.txt,TCGA-EE-A2MD,TCGA-EE-A2MD-06A,Metastatic
ef45e407-4458-469d-8b13-5b8f79c2e7ff.FPKM.txt,TCGA-EE-A185,TCGA-EE-A185-06A,Metastatic
25e2a15b-16b4-48dd-a983-4ddf6a6a418e.FPKM.txt,TCGA-EE-A183,TCGA-EE-A183-06A,Metastatic
9cc93369-3cc7-4293-9f42-a997c26243c9.FPKM.txt,TCGA-3N-A9WB,TCGA-3N-A9WB-06A,Metastatic
277c1b56-fe35-4690-8efd-1e8c6cd04370.FPKM.txt,TCGA-EE-A3AD,TCGA-EE-A3AD-06A,Metastatic
9ea6fa36-f1a0-4610-a300-c11aa7ab39cf.FPKM.txt,TCGA-EE-A3AB,TCGA-EE-A3AB-06A,Metastatic
f80a155e-b286-4030-875d-9254c9c83cd8.FPKM.txt,TCGA-EE-A20C,TCGA-EE-A20C-06A,Metastatic
fd154f79-d222-4849-8a78-d4da41850efd.FPKM.txt,TCGA-EB-A6QZ,TCGA-EB-A6QZ-01A,Primary Tumor
02262d0f-84d4-4683-80a4-48c890313132.FPKM.txt,TCGA-ER-A3ET,TCGA-ER-A3ET-06A,Metastatic
d9cf594b-b44d-40d1-a9d6-2cb80abd4595.FPKM.txt,TCGA-FS-A1ZA,TCGA-FS-A1ZA-06A,Metastatic
de38c7af-999b-4593-8e37-a0b391884240.FPKM.txt,TCGA-FS-A1ZT,TCGA-FS-A1ZT-06A,Metastatic
c64d1d92-d8e9-491f-a408-9f81428987b3.FPKM.txt,TCGA-DA-A1IB,TCGA-DA-A1IB-06A,Metastatic
7204b2f7-827b-4fcf-90a3-b11aca69a97a.FPKM.txt,TCGA-FS-A1ZC,TCGA-FS-A1ZC-06A,Metastatic
3740ed53-ea92-47a5-b46e-986f026a4ce3.FPKM.txt,TCGA-DA-A1HY,TCGA-DA-A1HY-06A,Metastatic
22632bc1-36bc-4ee8-b05f-87d0e33c2166.FPKM.txt,TCGA-D3-A8GJ,TCGA-D3-A8GJ-06A,Metastatic
a984e576-5aad-4389-93bd-71476a46641f.FPKM.txt,TCGA-3N-A9WD,TCGA-3N-A9WD-06A,Metastatic
11dacb6b-6600-41ba-852b-ff81556458e3.FPKM.txt,TCGA-D3-A8GL,TCGA-D3-A8GL-06A,Metastatic
7b50493c-0691-4612-9721-d8cce38e847b.FPKM.txt,TCGA-FS-A1ZE,TCGA-FS-A1ZE-06A,Metastatic
560da967-7304-4c94-8d03-0fa10f4ae7eb.FPKM.txt,TCGA-DA-A95V,TCGA-DA-A95V-06A,Metastatic
7f6c362b-f4ec-468c-97d3-ba6f630aa52a.FPKM.txt,TCGA-W3-AA1V,TCGA-W3-AA1V-06B,Metastatic
5a1f0513-0e61-4d87-bbc8-1bf0fc75881c.FPKM.txt,TCGA-EB-A82B,TCGA-EB-A82B-01A,Primary Tumor
b177f09d-0b04-43eb-8cbf-5c280be6223a.FPKM.txt,TCGA-EB-A5VV,TCGA-EB-A5VV-06A,Metastatic
a6523d71-b9d7-4562-9986-4115f22bbb1e.FPKM.txt,TCGA-D3-A3CE,TCGA-D3-A3CE-06A,Metastatic
6b19ce18-911c-4d18-adb0-c3e433ec53bb.FPKM.txt,TCGA-EE-A3AC,TCGA-EE-A3AC-06A,Metastatic
422d6f92-793c-4784-8895-32a8b56da1fb.FPKM.txt,TCGA-IH-A3EA,TCGA-IH-A3EA-01A,Primary Tumor
fe16e32b-ce86-4136-9a8b-9cafe102970f.FPKM.txt,TCGA-ER-A19F,TCGA-ER-A19F-06A,Metastatic
35e53aa3-e866-4bbf-90b2-7fde21e34767.FPKM.txt,TCGA-EE-A2ME,TCGA-EE-A2ME-06A,Metastatic
146e8ee0-989d-4c8e-98fa-d40c89c27dd9.FPKM.txt,TCGA-FR-A7U8,TCGA-FR-A7U8-06A,Metastatic
47016973-023f-41de-927d-0df1e0d1789e.FPKM.txt,TCGA-EE-A3JA,TCGA-EE-A3JA-06A,Metastatic
59263847-1392-47d1-912c-d56c9da49e5c.FPKM.txt,TCGA-GN-A266,TCGA-GN-A266-06A,Metastatic
d864342f-43bc-4874-9d68-d3e4b886fd8d.FPKM.txt,TCGA-W3-A824,TCGA-W3-A824-06A,Metastatic
f8dd2f44-5b20-43fa-8686-aa4e2602c5ab.FPKM.txt,TCGA-EB-A51B,TCGA-EB-A51B-01A,Primary Tumor
b363d8f4-1878-4781-a619-245ada710327.FPKM.txt,TCGA-EE-A29R,TCGA-EE-A29R-06A,Metastatic
2117d7f3-ed36-4083-aa33-6a231a5ff4cd.FPKM.txt,TCGA-EB-A82C,TCGA-EB-A82C-01A,Primary Tumor
8d7f271a-2dab-4aca-83d5-12904d94cc5c.FPKM.txt,TCGA-ER-A197,TCGA-ER-A197-06A,Metastatic
b0340ccb-b61e-46d9-8263-fd16aa80625a.FPKM.txt,TCGA-ER-A19D,TCGA-ER-A19D-06A,Metastatic
07f2753b-1e28-4703-a734-312be3391911.FPKM.txt,TCGA-EE-A2A1,TCGA-EE-A2A1-06A,Metastatic
58c611b5-ef21-4233-bdfd-5b101cb13052.FPKM.txt,TCGA-EB-A5UN,TCGA-EB-A5UN-06A,Metastatic
191b8082-a1a3-476c-befb-17564c484bc6.FPKM.txt,TCGA-HR-A2OH,TCGA-HR-A2OH-06A,Metastatic
0860ef52-bd40-42b9-9bcf-fe36be688c38.FPKM.txt,TCGA-FS-A1ZB,TCGA-FS-A1ZB-06A,Metastatic
3b0c5062-fe86-49d7-a47e-4c3378c2a11a.FPKM.txt,TCGA-EE-A29B,TCGA-EE-A29B-06A,Metastatic
9b7db555-eb53-44ed-aa55-82e79e5b1bd8.FPKM.txt,TCGA-DA-A3F2,TCGA-DA-A3F2-06A,Metastatic
55b1a302-94fd-4067-a75b-825b69049eb1.FPKM.txt,TCGA-BF-A1PV,TCGA-BF-A1PV-01A,Primary Tumor
1b09aa4b-117d-4ab2-ae45-c0d48da7bd54.FPKM.txt,TCGA-EE-A2MQ,TCGA-EE-A2MQ-06A,Metastatic
6e521f1c-950a-41d3-b9ed-cb701d7d33da.FPKM.txt,TCGA-EB-A5FP,TCGA-EB-A5FP-01A,Primary Tumor
10e0082e-b252-4372-983d-5d75c29c7ced.FPKM.txt,TCGA-DA-A1I1,TCGA-DA-A1I1-06A,Metastatic
99457330-ea28-4d2b-9ced-abf84024d8c2.FPKM.txt,TCGA-D3-A3ML,TCGA-D3-A3ML-06A,Metastatic
5acb5589-fba6-4570-ad43-2cc7a26b2336.FPKM.txt,TCGA-EE-A3J5,TCGA-EE-A3J5-06A,Metastatic
46abdbb3-2986-4c8e-aad6-d57a7775bbbd.FPKM.txt,TCGA-EE-A3JH,TCGA-EE-A3JH-06A,Metastatic
50124e50-c346-49b6-a493-d9114a7a05cb.FPKM.txt,TCGA-XV-A9W2,TCGA-XV-A9W2-01A,Primary Tumor
ad165038-c75c-4352-9cb3-b7fd8790d7c7.FPKM.txt,TCGA-EB-A3Y7,TCGA-EB-A3Y7-01A,Primary Tumor
42016929-9d4d-4125-b2f2-4b472c3fd772.FPKM.txt,TCGA-EE-A2GI,TCGA-EE-A2GI-06A,Metastatic
b052809a-24cc-4e79-bc86-47c4b9cf1d11.FPKM.txt,TCGA-D3-A1Q5,TCGA-D3-A1Q5-06A,Metastatic
af52f284-f541-49ed-898e-eca29f032c73.FPKM.txt,TCGA-D3-A8GB,TCGA-D3-A8GB-06A,Metastatic
11d18719-8168-4d05-9dff-8305c0d8db55.FPKM.txt,TCGA-BF-A1PU,TCGA-BF-A1PU-01A,Primary Tumor
8629eea4-710b-4f37-ab7f-afa5276d8712.FPKM.txt,TCGA-EE-A2GP,TCGA-EE-A2GP-06A,Metastatic
75a36e71-400d-46a5-93b0-7813cf0595ea.FPKM.txt,TCGA-BF-A5EO,TCGA-BF-A5EO-01A,Primary Tumor
606312ce-9729-4adf-90f9-7fb2febf4dae.FPKM.txt,TCGA-YD-A9TA,TCGA-YD-A9TA-06A,Metastatic
80b5f1bb-3134-438d-8918-b63c73a44e0f.FPKM.txt,TCGA-FS-A1ZR,TCGA-FS-A1ZR-06A,Metastatic
613ff4e7-977a-4ca9-8345-1abe7cac36bc.FPKM.txt,TCGA-ER-A42L,TCGA-ER-A42L-06A,Metastatic
e8ddf79b-1e5b-42a3-8fde-09b3d83b1805.FPKM.txt,TCGA-EB-A5SG,TCGA-EB-A5SG-06A,Metastatic
6c0fb168-4aa2-444b-9909-6437f0eab2a0.FPKM.txt,TCGA-FS-A1ZP,TCGA-FS-A1ZP-06A,Metastatic
0d2ee969-027b-4a7e-be4d-c44aec59c23b.FPKM.txt,TCGA-EB-A5KH,TCGA-EB-A5KH-06A,Metastatic
7ea8c723-ff72-45ea-ac8c-70e96722e2eb.FPKM.txt,TCGA-EE-A2MP,TCGA-EE-A2MP-06A,Metastatic
358bf424-d523-4871-9753-540d3297fccd.FPKM.txt,TCGA-FR-A69P,TCGA-FR-A69P-06A,Metastatic
6b5d1d9a-7040-4ddd-93dd-4b31b6ae5926.FPKM.txt,TCGA-D3-A2J8,TCGA-D3-A2J8-06A,Metastatic
ef7b049e-b764-4947-a6a1-206703e04316.FPKM.txt,TCGA-DA-A3F3,TCGA-DA-A3F3-06A,Metastatic
737214d3-8cd7-4ba7-b034-19cb7911ffa8.FPKM.txt,TCGA-WE-AAA0,TCGA-WE-AAA0-06A,Metastatic
09c85a64-8cb1-4c18-87f2-314275a2d4e9.FPKM.txt,TCGA-D3-A2JH,TCGA-D3-A2JH-06A,Metastatic
652b5f40-4ec8-43d3-9fa3-7ac5c0996a32.FPKM.txt,TCGA-D9-A1X3,TCGA-D9-A1X3-06A,Metastatic
3320f3dc-67aa-440c-a817-24f5a04f1a14.FPKM.txt,TCGA-FW-A3TU,TCGA-FW-A3TU-06A,Metastatic
ed8e9b9c-ca75-4129-87bc-60f595f5ac77.FPKM.txt,TCGA-LH-A9QB,TCGA-LH-A9QB-06A,Metastatic
0dc2d2e1-6336-49bd-8cd7-ba67cd13776a.FPKM.txt,TCGA-EB-A44R,TCGA-EB-A44R-06A,Metastatic
937699af-f9a2-4d72-b7b4-db8b8d858719.FPKM.txt,TCGA-RP-A693,TCGA-RP-A693-06A,Metastatic
056f709a-b06a-4002-a225-49e83205b26d.FPKM.txt,TCGA-BF-A3DJ,TCGA-BF-A3DJ-01A,Primary Tumor
7bbf1b68-9d46-40d6-82e9-50fada3763aa.FPKM.txt,TCGA-EE-A2M8,TCGA-EE-A2M8-06A,Metastatic
e74fe7f5-d208-4254-8a2e-1779c1c3547a.FPKM.txt,TCGA-EE-A3J3,TCGA-EE-A3J3-06A,Metastatic
ef6b7979-4c9a-41e1-9edb-07cb1871b0ed.FPKM.txt,TCGA-GN-A4U7,TCGA-GN-A4U7-06A,Metastatic
4e90ac2b-eece-440e-bbe5-161652cf329f.FPKM.txt,TCGA-D3-A3CC,TCGA-D3-A3CC-06A,Metastatic
cc113d46-62b5-457c-8716-5a16923372ca.FPKM.txt,TCGA-D3-A51H,TCGA-D3-A51H-06A,Metastatic
074f955e-0bcb-4252-990e-8864dc9beffd.FPKM.txt,TCGA-FS-A1Z7,TCGA-FS-A1Z7-06A,Metastatic
72bf36b2-fa31-4a8f-a324-463518fd8e2d.FPKM.txt,TCGA-EE-A181,TCGA-EE-A181-06A,Metastatic
a06cc484-3a07-4323-b5fe-360831971b76.FPKM.txt,TCGA-FS-A1ZS,TCGA-FS-A1ZS-06A,Metastatic
7b414ea9-1674-41c5-a0b2-5b1925ac9aec.FPKM.txt,TCGA-DA-A960,TCGA-DA-A960-01A,Primary Tumor
4ea99594-481e-4d33-9969-da0a90797d23.FPKM.txt,TCGA-EE-A2GH,TCGA-EE-A2GH-06A,Metastatic
ad59d43f-7feb-4b8c-bac4-7b93f52ab1ff.FPKM.txt,TCGA-ER-A19C,TCGA-ER-A19C-06A,Metastatic
e4af4599-f7c6-46e3-8ab8-93b97d41e9c1.FPKM.txt,TCGA-W3-A828,TCGA-W3-A828-06A,Metastatic
fe0b1b95-7834-46da-bd72-d0559cd945e3.FPKM.txt,TCGA-EE-A2GR,TCGA-EE-A2GR-06A,Metastatic
658a7453-f1b3-46a3-91d6-1b3381be782f.FPKM.txt,TCGA-ER-A19Q,TCGA-ER-A19Q-06A,Metastatic
9ee3535a-9b65-4a7a-b31a-6b3d75bbc30c.FPKM.txt,TCGA-ER-A2NF,TCGA-ER-A2NF-01A,Primary Tumor
62532090-07c1-4594-b38e-9d1b1df7a715.FPKM.txt,TCGA-WE-A8K4,TCGA-WE-A8K4-01A,Primary Tumor
0f5dcdd3-2e9e-41d1-88a0-e186519aae4e.FPKM.txt,TCGA-EB-A550,TCGA-EB-A550-01A,Primary Tumor
8196b793-3b97-44a4-b98d-9d63a31943ee.FPKM.txt,TCGA-FS-A1ZG,TCGA-FS-A1ZG-06A,Metastatic
51614d1e-0091-4949-901c-f254d551b518.FPKM.txt,TCGA-D3-A3C6,TCGA-D3-A3C6-06A,Metastatic
84757beb-52a0-4f25-9eba-ef6190d344b7.FPKM.txt,TCGA-EE-A2A0,TCGA-EE-A2A0-06A,Metastatic
03a96cd7-4547-4042-b92f-0aef82698204.FPKM.txt,TCGA-D9-A3Z3,TCGA-D9-A3Z3-06A,Metastatic
765c6ef0-79e9-48cd-a606-8d14245a751b.FPKM.txt,TCGA-D3-A1Q4,TCGA-D3-A1Q4-06A,Metastatic
36b016ef-ce29-408f-971a-2fb31e20e937.FPKM.txt,TCGA-GN-A4U5,TCGA-GN-A4U5-01A,Primary Tumor
574070ab-f411-4c9b-befd-500a718a3585.FPKM.txt,TCGA-D3-A51G,TCGA-D3-A51G-06A,Metastatic
6f8463be-e8ac-4f80-a520-7426b05c2774.FPKM.txt,TCGA-EB-A41A,TCGA-EB-A41A-01A,Primary Tumor
04bf8d40-508e-4574-aad7-6f161e42a98b.FPKM.txt,TCGA-EB-A4XL,TCGA-EB-A4XL-01A,Primary Tumor
f7246d38-3195-41e8-b31f-c7e8efbd16ee.FPKM.txt,TCGA-RP-A694,TCGA-RP-A694-06A,Metastatic
73006ea0-cf62-4360-ac60-c6dab6fb03b5.FPKM.txt,TCGA-EE-A2MJ,TCGA-EE-A2MJ-06A,Metastatic
6c23c1f8-53a8-4986-8423-71aef05bf8df.FPKM.txt,TCGA-FS-A4F4,TCGA-FS-A4F4-06A,Metastatic
12914204-196b-43a6-92b9-c398ab384fc2.FPKM.txt,TCGA-ER-A198,TCGA-ER-A198-06A,Metastatic
9943770b-b3e2-42c9-a286-85b558de7da3.FPKM.txt,TCGA-FS-A1ZQ,TCGA-FS-A1ZQ-06A,Metastatic
8bb67073-1031-4c88-bd65-4fa365eb1699.FPKM.txt,TCGA-BF-A9VF,TCGA-BF-A9VF-01A,Primary Tumor
e22379c0-59f7-47bf-b87a-1a967ff3fd25.FPKM.txt,TCGA-EB-A4IQ,TCGA-EB-A4IQ-01A,Primary Tumor
4abf84b3-437d-4d0b-890b-86d3ffee35d8.FPKM.txt,TCGA-W3-AA1W,TCGA-W3-AA1W-06A,Metastatic
b46583df-2e98-4507-a730-581cfe113900.FPKM.txt,TCGA-GF-A769,TCGA-GF-A769-01A,Primary Tumor
659ce4fd-18e2-47b2-b1ee-54027dbbdf0c.FPKM.txt,TCGA-D9-A4Z5,TCGA-D9-A4Z5-01A,Primary Tumor
3726c72e-92df-4c81-ba80-86a1ce8e3e36.FPKM.txt,TCGA-ER-A1A1,TCGA-ER-A1A1-06A,Metastatic
6e9f82ab-9b49-4a04-8aa5-b32d4c558b24.FPKM.txt,TCGA-FS-A4F8,TCGA-FS-A4F8-06A,Metastatic
fa750303-f573-498e-9678-9644ae5ebf86.FPKM.txt,TCGA-FS-A1ZY,TCGA-FS-A1ZY-06A,Metastatic
3630c1c8-db3d-47fb-8770-144a7a56aeae.FPKM.txt,TCGA-WE-A8ZO,TCGA-WE-A8ZO-06A,Metastatic
c8415aa5-13a1-4a37-b9f3-2fcf48dbe411.FPKM.txt,TCGA-D3-A8GV,TCGA-D3-A8GV-06A,Metastatic
6ef5f827-0f6f-4fb1-bb78-171b60214603.FPKM.txt,TCGA-EE-A2GJ,TCGA-EE-A2GJ-06A,Metastatic
c242255b-b368-4f60-9c67-00365f202461.FPKM.txt,TCGA-EE-A29X,TCGA-EE-A29X-06A,Metastatic
ca32f4ac-2a6d-4b36-bcaa-b5904521f6ed.FPKM.txt,TCGA-EE-A3AF,TCGA-EE-A3AF-06A,Metastatic
3e4896ea-6901-4fbb-b11b-38c9afde02df.FPKM.txt,TCGA-EB-A3XB,TCGA-EB-A3XB-01A,Primary Tumor
92020ebe-72a5-4ccd-8c42-713a0dc51866.FPKM.txt,TCGA-D3-A3CB,TCGA-D3-A3CB-06A,Metastatic
08a7113b-b25a-46ea-95e9-d105af238af4.FPKM.txt,TCGA-EB-A4OZ,TCGA-EB-A4OZ-01A,Primary Tumor
08e27434-3936-4136-aad6-60be8846f50b.FPKM.txt,TCGA-EB-A6L9,TCGA-EB-A6L9-06A,Metastatic
f335c8a3-b46f-4501-84fb-a8d5c681221d.FPKM.txt,TCGA-D9-A149,TCGA-D9-A149-06A,Metastatic
19ad10e2-bcfe-4b8a-ba4e-1b59f352050e.FPKM.txt,TCGA-ER-A19M,TCGA-ER-A19M-06A,Metastatic
53b60851-8c20-4407-b20f-864ba4300c10.FPKM.txt,TCGA-FS-A4F0,TCGA-FS-A4F0-06A,Metastatic
28b9db81-0037-470e-b0e7-204f74b0dc10.FPKM.txt,TCGA-FR-A8YD,TCGA-FR-A8YD-06A,Metastatic
ffc004ea-3ab7-41fb-9f49-d1cf8081d982.FPKM.txt,TCGA-RP-A695,TCGA-RP-A695-06A,Metastatic
d0eaba14-8071-4d7f-959b-8040cb89dcc9.FPKM.txt,TCGA-EB-A5SE,TCGA-EB-A5SE-01A,Primary Tumor
fc163e29-39e5-4064-ab4f-ba741ac115cc.FPKM.txt,TCGA-HR-A5NC,TCGA-HR-A5NC-01A,Primary Tumor
8f2f0e1f-50ec-4352-97c0-2c9c9c502735.FPKM.txt,TCGA-W3-AA21,TCGA-W3-AA21-06A,Metastatic
0224b65f-ac08-4f17-b22b-e17bff4d25f4.FPKM.txt,TCGA-D9-A1JW,TCGA-D9-A1JW-06A,Metastatic
4e44a38b-47b2-427b-ba06-b8bc25b3798c.FPKM.txt,TCGA-D3-A2JD,TCGA-D3-A2JD-06A,Metastatic
e9bfe5d6-1273-49b3-8e2e-8ecb76e5cf42.FPKM.txt,TCGA-EE-A2MN,TCGA-EE-A2MN-06A,Metastatic
28974514-8de7-4fee-a55a-25a66fcbd1a8.FPKM.txt,TCGA-BF-AAP7,TCGA-BF-AAP7-01A,Primary Tumor
d2b31242-6431-4e3c-a663-e6583753e79a.FPKM.txt,TCGA-GN-A26C,TCGA-GN-A26C-01A,Primary Tumor
bbe0252c-d51f-4e74-96b6-e4a0355ccda0.FPKM.txt,TCGA-D3-A1Q8,TCGA-D3-A1Q8-06A,Metastatic
887fe099-7921-4d06-a18f-466309513e66.FPKM.txt,TCGA-D3-A51F,TCGA-D3-A51F-06A,Metastatic
a65840d4-5381-4eeb-802d-b70bd4682773.FPKM.txt,TCGA-ER-A3EV,TCGA-ER-A3EV-06A,Metastatic
0498d3e9-bf60-48ff-bf34-d9725718c576.FPKM.txt,TCGA-GN-A8LK,TCGA-GN-A8LK-06A,Metastatic
5b4d43aa-174c-46ec-945e-f8da20c1cd70.FPKM.txt,TCGA-EE-A2M6,TCGA-EE-A2M6-06A,Metastatic
31524671-a312-44fe-b3d2-4052ce176ed6.FPKM.txt,TCGA-FS-A1Z4,TCGA-FS-A1Z4-06A,Metastatic
3cb1f903-64b3-4f84-9ed7-9e3fb8f4578c.FPKM.txt,TCGA-GN-A26D,TCGA-GN-A26D-06A,Metastatic
9774a650-c8eb-4264-a3fc-df312cc78b30.FPKM.txt,TCGA-BF-A3DM,TCGA-BF-A3DM-01A,Primary Tumor
db86f9e1-40a0-4a26-bbbe-660d04d7d497.FPKM.txt,TCGA-D3-A51N,TCGA-D3-A51N-06A,Metastatic
ead83368-71ce-43e5-a048-166d4e9a6dbc.FPKM.txt,TCGA-D3-A8GS,TCGA-D3-A8GS-06A,Metastatic
322316e3-6a53-4d2e-ae4d-6ec0785a0d0b.FPKM.txt,TCGA-FW-A3I3,TCGA-FW-A3I3-06A,Metastatic
b147912f-7aa8-4d78-bdbc-7028fb73560d.FPKM.txt,TCGA-EE-A17X,TCGA-EE-A17X-06A,Metastatic
8e50bf0f-31ed-4d29-9928-7791d8a63041.FPKM.txt,TCGA-D3-A8GR,TCGA-D3-A8GR-06A,Metastatic
65b58f18-7b8d-488b-a906-1ee8a52c5a74.FPKM.txt,TCGA-WE-A8ZY,TCGA-WE-A8ZY-06A,Metastatic
b10ac900-f925-47e3-bb0a-0fbcf9d5ffc9.FPKM.txt,TCGA-ER-A42H,TCGA-ER-A42H-01A,Primary Tumor
4a75f9d2-05fb-4226-81f2-6e2c190f527b.FPKM.txt,TCGA-FR-A726,TCGA-FR-A726-01A,Primary Tumor
5754df85-c90d-4fd5-854e-dc34e3a5aa31.FPKM.txt,TCGA-ER-A194,TCGA-ER-A194-01A,Primary Tumor
d5adebe7-a953-4f66-91ba-898e84fea209.FPKM.txt,TCGA-EB-A5UL,TCGA-EB-A5UL-06A,Metastatic
48c98162-a7ff-47ee-87cb-5c38ff3bbc92.FPKM.txt,TCGA-WE-A8K5,TCGA-WE-A8K5-06A,Metastatic
407cbe84-b510-441f-92c7-1d8d245f6704.FPKM.txt,TCGA-W3-A825,TCGA-W3-A825-06A,Metastatic
80b4ed3c-fc03-4d9e-92f8-d98a0e6df284.FPKM.txt,TCGA-XV-AAZW,TCGA-XV-AAZW-01A,Primary Tumor
5fc1e8ec-d644-4193-82ec-e447320104b4.FPKM.txt,TCGA-D3-A2J9,TCGA-D3-A2J9-06A,Metastatic
e0d33e67-8a0e-44d5-8878-1d011e5bdce9.FPKM.txt,TCGA-EE-A3JB,TCGA-EE-A3JB-06A,Metastatic
9768752e-348f-405d-9cee-11231d555cbc.FPKM.txt,TCGA-EB-A44N,TCGA-EB-A44N-01A,Primary Tumor
692d3cf9-23f5-472c-85a7-cb266a0fb9db.FPKM.txt,TCGA-EE-A29H,TCGA-EE-A29H-06A,Metastatic
663c584c-bb4f-4faa-ab74-611d65555df0.FPKM.txt,TCGA-GN-A4U8,TCGA-GN-A4U8-06A,Metastatic
97f1836a-1211-46be-a429-0b8671cd4de2.FPKM.txt,TCGA-EB-A44P,TCGA-EB-A44P-01A,Primary Tumor
886ce1a5-45f8-445c-b382-b77d1fe4b726.FPKM.txt,TCGA-W3-AA1O,TCGA-W3-AA1O-06A,Metastatic
f89c1777-442a-4816-aabd-44df0970bdd8.FPKM.txt,TCGA-EE-A2MC,TCGA-EE-A2MC-06A,Metastatic
e6c50e17-fb6a-4e36-999e-a4eedb042180.FPKM.txt,TCGA-FS-A1ZZ,TCGA-FS-A1ZZ-06A,Metastatic
e00b2468-1599-424a-90dc-1749e1ab8587.FPKM.txt,TCGA-EE-A2GE,TCGA-EE-A2GE-06A,Metastatic
15b87438-308c-491e-ac85-6fb75a470182.FPKM.txt,TCGA-GN-A4U3,TCGA-GN-A4U3-06A,Metastatic
099b1e1c-403c-4750-b7b2-08c3c4fcf33d.FPKM.txt,TCGA-ER-A19P,TCGA-ER-A19P-06A,Metastatic
c40ec74a-9da2-48a7-8f4a-79a9efabf57f.FPKM.txt,TCGA-BF-AAOU,TCGA-BF-AAOU-01A,Primary Tumor
a5b3d923-511f-4db8-989b-97e1ffe59b96.FPKM.txt,TCGA-FR-A44A,TCGA-FR-A44A-06A,Metastatic
d1aef548-e9d1-41ff-882d-7e781413e8b4.FPKM.txt,TCGA-BF-A5ER,TCGA-BF-A5ER-01A,Primary Tumor
94919679-9aeb-411a-b9fd-a435bcd87d66.FPKM.txt,TCGA-OD-A75X,TCGA-OD-A75X-06A,Metastatic
f4330953-9314-4339-b54e-5e633e64b0f2.FPKM.txt,TCGA-EB-A430,TCGA-EB-A430-01A,Primary Tumor
52668f47-4ca4-4c03-a9d7-fb6cb89e4989.FPKM.txt,TCGA-EE-A3AA,TCGA-EE-A3AA-06A,Metastatic
f29ec19a-0329-4732-85cb-82f6fad7ddd7.FPKM.txt,TCGA-BF-A5EP,TCGA-BF-A5EP-01A,Primary Tumor
43484576-7a9b-4a77-951f-5a7ac1eee836.FPKM.txt,TCGA-ER-A19T,TCGA-ER-A19T-06A,Metastatic
dbe63313-2f8e-488d-af5c-1ba3f4634d54.FPKM.txt,TCGA-ER-A3ES,TCGA-ER-A3ES-06A,Metastatic
4df76a95-9f81-4072-bace-6f18f6789bee.FPKM.txt,TCGA-ER-A2NB,TCGA-ER-A2NB-01A,Primary Tumor
bbe24b52-4f97-40cc-833f-21e5c08405b0.FPKM.txt,TCGA-ER-A19W,TCGA-ER-A19W-06A,Metastatic
64326cee-0099-4b9c-859e-2fb6ce79a7ba.FPKM.txt,TCGA-EE-A2GD,TCGA-EE-A2GD-06A,Metastatic
d93a2fac-ff6a-4c2a-8c8c-bc25b6e2b3c3.FPKM.txt,TCGA-ER-A2NF,TCGA-ER-A2NF-06A,Metastatic
5a067a75-9a3d-4b31-812f-c041620867d7.FPKM.txt,TCGA-EB-A3XD,TCGA-EB-A3XD-01A,Primary Tumor
a921527a-8c50-4c20-b391-0e872fc06574.FPKM.txt,TCGA-D3-A2JA,TCGA-D3-A2JA-06A,Metastatic
ad9fdf16-b653-46e2-9f93-e0a3e792f1c0.FPKM.txt,TCGA-RP-A690,TCGA-RP-A690-06A,Metastatic
26657b95-de92-4d40-a793-a9ef7ccaa352.FPKM.txt,TCGA-BF-AAP6,TCGA-BF-AAP6-01A,Primary Tumor
0cb18d90-b12e-45f1-a9b6-330836f982e9.FPKM.txt,TCGA-EB-A551,TCGA-EB-A551-01A,Primary Tumor
393d326f-f2ad-4e0a-83bc-d41421dbd25e.FPKM.txt,TCGA-EB-A42Z,TCGA-EB-A42Z-01A,Primary Tumor
670f0192-dbbd-4088-a598-595d2a9b9005.FPKM.txt,TCGA-FR-A2OS,TCGA-FR-A2OS-01A,Primary Tumor
cb98ce67-3cdd-4527-b976-305eee2dcde4.FPKM.txt,TCGA-D3-A1QB,TCGA-D3-A1QB-06A,Metastatic
f7db04d7-d71f-4072-815e-f20332a74f02.FPKM.txt,TCGA-EE-A20F,TCGA-EE-A20F-06A,Metastatic
b4acb23a-4f0f-40dd-be0e-2faa2f196f9f.FPKM.txt,TCGA-EB-A3XF,TCGA-EB-A3XF-01A,Primary Tumor
c63c9fcf-4acc-4c1b-915b-945cfe75e228.FPKM.txt,TCGA-XV-A9W5,TCGA-XV-A9W5-01A,Primary Tumor
df3755d7-d842-4be4-8f52-c040b3d4d03a.FPKM.txt,TCGA-ER-A2NC,TCGA-ER-A2NC-06A,Metastatic
c2f55a8b-4cbc-49e2-98a9-982974867fc2.FPKM.txt,TCGA-D3-A5GO,TCGA-D3-A5GO-06A,Metastatic
5f930c4d-c6bc-4372-9cf0-a6364b8edfad.FPKM.txt,TCGA-EE-A2GT,TCGA-EE-A2GT-06A,Metastatic
3e57d043-6f5c-4438-9ce4-8ec755cdbe36.FPKM.txt,TCGA-EE-A3AG,TCGA-EE-A3AG-06A,Metastatic
be913e3f-25bb-4788-bb2c-d0587ab2e840.FPKM.txt,TCGA-EE-A180,TCGA-EE-A180-06A,Metastatic
e2189723-f7a8-4117-b9b1-e5b34eb47021.FPKM.txt,TCGA-EE-A2MG,TCGA-EE-A2MG-06A,Metastatic
bd2f6687-e647-4bdd-923c-fec05f71beb1.FPKM.txt,TCGA-EE-A29A,TCGA-EE-A29A-06A,Metastatic
4f9b4b4d-b829-4a05-8a5e-820b52bea143.FPKM.txt,TCGA-EB-A5VU,TCGA-EB-A5VU-01A,Primary Tumor
c68ba87f-4bd2-4b57-964e-2757f22d9e0a.FPKM.txt,TCGA-ER-A19A,TCGA-ER-A19A-06A,Metastatic
5f36aa0d-7f3c-49e2-812e-f3317264ac68.FPKM.txt,TCGA-DA-A1I2,TCGA-DA-A1I2-06A,Metastatic
d0a29a96-04a1-4f10-b609-0964e87f01ad.FPKM.txt,TCGA-EE-A3J4,TCGA-EE-A3J4-06A,Metastatic
51292b00-570a-4f38-97e9-4958741117fe.FPKM.txt,TCGA-EB-A85I,TCGA-EB-A85I-01A,Primary Tumor
